{
	"credit": "Made with Blockbench",
	"texture_size": [32, 32],
	"textures": {
		"0": "minecraft:item/custom/cure",
		"1": "minecraft:item/custom/cure2",
		"particle": "minecraft:item/custom/cure2"
	},
	"elements": [
		{
			"from": [5, 0, 7],
			"to": [11, 2, 9],
			"faces": {
				"north": {"uv": [8, 7, 11, 8], "texture": "#0"},
				"east": {"uv": [8, 9, 9, 10], "texture": "#0"},
				"south": {"uv": [8, 8, 11, 9], "texture": "#0"},
				"west": {"uv": [9, 9, 10, 10], "texture": "#0"},
				"up": {"uv": [3, 10, 0, 9], "texture": "#0"},
				"down": {"uv": [6, 9, 3, 10], "texture": "#0"}
			}
		},
		{
			"from": [5, 16, 7],
			"to": [11, 24, 9],
			"faces": {
				"north": {"uv": [8, 0, 11, 2.5], "texture": "#0"},
				"east": {"uv": [6, 9, 7, 11.5], "texture": "#0"},
				"south": {"uv": [8, 2.5, 11, 5], "texture": "#0"},
				"west": {"uv": [7, 9, 8, 11.5], "texture": "#0"},
				"up": {"uv": [11, 6, 8, 5], "texture": "#0"},
				"down": {"uv": [11, 6, 8, 7], "texture": "#0"}
			}
		},
		{
			"from": [3, 2, 7],
			"to": [5, 20, 9],
			"faces": {
				"north": {"uv": [0, 0, 1, 9], "texture": "#0"},
				"east": {"uv": [1, 0, 2, 9], "texture": "#0"},
				"south": {"uv": [2, 0, 3, 9], "texture": "#0"},
				"west": {"uv": [3, 0, 4, 9], "texture": "#0"},
				"up": {"uv": [1, 11, 0, 10], "texture": "#0"},
				"down": {"uv": [2, 10, 1, 11], "texture": "#0"}
			}
		},
		{
			"from": [11, 2, 7],
			"to": [13, 20, 9],
			"faces": {
				"north": {"uv": [4, 0, 5, 9], "texture": "#0"},
				"east": {"uv": [5, 0, 6, 9], "texture": "#0"},
				"south": {"uv": [6, 0, 7, 9], "texture": "#0"},
				"west": {"uv": [7, 0, 8, 9], "texture": "#0"},
				"up": {"uv": [3, 11, 2, 10], "texture": "#0"},
				"down": {"uv": [4, 10, 3, 11], "texture": "#0"}
			}
		},
		{
			"from": [5, 2, 7],
			"to": [11, 17, 9],
			"faces": {
				"north": {"uv": [0, 0, 3, 7.5], "texture": "#1"},
				"east": {"uv": [6, 0, 7, 7.5], "texture": "#1"},
				"south": {"uv": [3, 0, 6, 7.5], "texture": "#1"},
				"west": {"uv": [7, 0, 8, 7.5], "texture": "#1"},
				"up": {"uv": [3, 8.5, 0, 7.5], "texture": "#1"},
				"down": {"uv": [6, 7.5, 3, 8.5], "texture": "#1"}
			}
		}
	],
	"display": {
		"thirdperson_righthand": {
			"rotation": [0, 90, 0],
			"scale": [0.3, 0.3, 0.3]
		},
		"thirdperson_lefthand": {
			"rotation": [0, 90, 0],
			"scale": [0.3, 0.3, 0.3]
		},
		"firstperson_righthand": {
			"scale": [0.3, 0.3, 0.3]
		},
		"firstperson_lefthand": {
			"scale": [0.3, 0.3, 0.3]
		},
		"ground": {
			"scale": [0.3, 0.3, 0.3]
		},
		"gui": {
			"translation": [0, -2.5, 0],
			"scale": [0.6, 0.6, 0.6]
		},
		"fixed": {
			"translation": [0, -2.5, 0],
			"scale": [0.6, 0.6, 0.6]
		}
	}
}